{"Text":"Vena Cava","type":0,"ColorR":0.0,"ColorG":0.0,"ColorB":1.0,"ScaleX":1.0,"ScaleY":1.0,"ScaleZ":1.0,"PositionX":-17.714550018310548,"PositionY":23.2126407623291,"PositionZ":233.58883666992188,"RotationW":0.00042184084304608405,"RotationX":-0.000016920448615564965,"RotationY":0.999196469783783,"RotationZ":0.040078744292259219,"MeshRotationW":1.0,"MeshRotationX":0.0,"MeshRotationY":0.0,"MeshRotationZ":0.0,"Creator":""}
{"Text":"Portal Veins","type":0,"ColorR":0.8561850786209106,"ColorG":0.485293984413147,"ColorB":1.0,"ScaleX":1.0,"ScaleY":1.0,"ScaleZ":1.0,"PositionX":-15.16213607788086,"PositionY":-17.580020904541017,"PositionZ":337.7596130371094,"RotationW":0.9799447655677795,"RotationX":0.19106823205947877,"RotationY":0.05553346499800682,"RotationZ":-0.010827835649251938,"MeshRotationW":1.0,"MeshRotationX":0.0,"MeshRotationY":0.0,"MeshRotationZ":0.0,"Creator":""}
