{"name":"Default","orientation":[0.685528457164764,0.00411017425358295,0.0563192628324032,0.72585266828537],"scale":[0.799997627735138,0.799997627735138,0.799997627735138],"opacityKeys":["Cava mesh","Liver Mesh","Portal mesh","Tumor mesh"],"opacityValues":[1.0,1.0,1.0,1.0]}
{"name":"Internal","orientation":[0.685528457164764,0.00411024829372764,0.0563192032277584,0.72585266828537],"scale":[0.799997627735138,0.799997627735138,0.799997627735138],"opacityKeys":["Cava mesh","Liver Mesh","Portal mesh","Tumor mesh"],"opacityValues":[1.0,0.136873409152031,1.0,1.0]}
{"name":"Vena Cava","orientation":[-0.131161242723465,0.0392319485545158,0.199453875422478,0.970296740531921],"scale":[1.04999876022339,1.04999876022339,1.04999876022339],"opacityKeys":["Cava mesh","Liver Mesh","Portal mesh","Tumor mesh"],"opacityValues":[1.0,0.100187502801418,0.118526764214039,0.78240692615509]}
{"name":"Portal Veins","orientation":[-0.874803483486176,0.178471148014069,-0.18967217206955,-0.40852352976799],"scale":[1.25000095367432,1.25000095367432,1.25000095367432],"opacityKeys":["Cava mesh","Liver Mesh","Portal mesh","Tumor mesh"],"opacityValues":[0.125864416360855,0.100187502801418,1.0,0.78240692615509]}
